Confederation,Stadium,City,HomeTeams,Capacity,Country,IOC,Population
UEFA,Stadiumi Besëlidhja,Lezhë,Besëlidhja,7000,Albania,ALB,2876591
UEFA,Stadiumi Flamurtari,Vlorë,Flamurtari Vlorë,8200,Albania,ALB,2876591
UEFA,Stadiumi Laçi,Laçi,KF Laçi,5000,Albania,ALB,2876591
UEFA,Stadiumi Niko Dovana,Durrës,Teuta,12040,Albania,ALB,2876591
UEFA,Stadiumi Selman Stërmasi,Tirana,"KF Tirana, Dinamo, Partizani",9500,Albania,ALB,2876591
UEFA,Stadiumi Skënderbeu,Korçë,Skënderbeu,7500,Albania,ALB,2876591
CAF,Stade 1er Novembre 1954,Tizi Ouzu,JSK,20000,Algeria,ALG,42200000
CAF,Stade Ahmed Zabana,Oran,MC Oran,40000,Algeria,ALG,42200000
CAF,Stade Amar Hareche,El Eulma,MCEE,5000,Algeria,ALG,42200000
CAF,Stade de l'Unité Maghrébine,Béjaïa,"MO Béjaïa, JSM Béjaïa",22000,Algeria,ALG,42200000
CAF,Stade Mohamed Boumezrag,Chlef,ASO Chlef,17000,Algeria,ALG,42200000
CAF,Stade Mohamed-Benhaddad,Algiers,RC Kouba,10000,Algeria,ALG,42200000
CAF,Stade Omar Hamadi,Algiers,USM Alger,12000,Algeria,ALG,42200000
CAF,Stade Tahar Zoughari,Relizane,RC Relizane,20000,Algeria,ALG,42200000
CAF,Estádio 11 de Novembro,Kilamba Kiaxi,-,50000,Angola,ANG,25789024
CAF,Estádio da Tundavala,Lubango,Sport Lubango e Benfica,20000,Angola,ANG,25789024
CAF,Estádio de Ombaka,Benguela,Clube 1° de Maio,35000,Angola,ANG,25789024
CAF,Estádio do Chiazi,Cabinda,FC de Cabinda,20000,Angola,ANG,25789024
CONMEBOL,El Cementario de los Elefantes,Santa Fe,Colón,32000,Argentina,ARG,43847430
CONMEBOL,El Gigante de Arroyito,Rosario,Rosario Central,41654,Argentina,ARG,43847430
CONMEBOL,El Monumental,Buenos Aires,River Plate,61321,Argentina,ARG,43847430
CONMEBOL,El Nuevo Gasómetro,Buenos Aires,San Lorenzo,43494,Argentina,ARG,43847430
CONMEBOL,Estadio Arquitecto Antonio Etcheverri,Buenos Aires,Club Ferro Caril Oeste,22797,Argentina,ARG,43847430
CONMEBOL,Estadio Ciudad de La Plata,La Plata,"Estudiantes, Gimnasia",53000,Argentina,ARG,43847430
CONMEBOL,Estadio del Viaducto,Sarandí,Arsenal FC,16300,Argentina,ARG,43847430
CONMEBOL,Estadio Diego Armando Maradona,Buenos Aires,AA Argentinos Juniors,24800,Argentina,ARG,43847430
CONMEBOL,Estadio José Amalfitani,Buenos Aires,Vélez Sarsfield,49540,Argentina,ARG,43847430
CONMEBOL,Estadio Libertadores de America,Avellaneda,Independiente,48069,Argentina,ARG,43847430
CONMEBOL,Estadio Malvinas Argentinas,Mendoza,-,40268,Argentina,ARG,43847430
CONMEBOL,Estadio Marcelo Bielsa,Rosario,Newell's Old Boys,42000,Argentina,ARG,43847430
CONMEBOL,Estadio Mario Alberto Kempes,Cordoba,-,57000,Argentina,ARG,43847430
CONMEBOL,Estadio Néstor Díaz Pérez,Lanús,CA Lanús,46519,Argentina,ARG,43847430
CONMEBOL,Estadio Presidente Perón,Avellaneda,Racing Club,42500,Argentina,ARG,43847430
CONMEBOL,Estadio Tomás Adolfo Ducó,Buenos Aires,Huracán,48314,Argentina,ARG,43847430
CONMEBOL,Estadio Único,Villa Mercedes,-,28000,Argentina,ARG,43847430
CONMEBOL,La Bombonera,Buenos Aires,Boca Juniors,49000,Argentina,ARG,43847430
UEFA,Alashkert Stadion,Yerevan,Alashkert,6850,Armenia,ARM,2924816
UEFA,Banants Stadion,Yerevan,Banants,4860,Armenia,ARM,2924816
UEFA,Hrazdan Stadion,Yerevan,"Ararat, Kilikia",54208,Armenia,ARM,2924816
UEFA,Republican Stadion,Yerevan,"Pyunik, Uliss",14403,Armenia,ARM,2924816
AFC,AAMI Park,Melbourne,Melbourne Victory,30050,Australia,AUS,25150200
AFC,Allianz Stadium,Paddington,"Roosters, Waratahs, Sydney FC",45500,Australia,AUS,25150200
AFC,ANZ Stadium,Sydney,-,83500,Australia,AUS,25150200
AFC,Bluetongue Stadium,Gosford,Mariners,20059,Australia,AUS,25150200
AFC,Cbus Super Stadium,Robina,Gold Coast United,27400,Australia,AUS,25150200
AFC,Coopers Stadium,Hindmarsh,Adelaide United,17000,Australia,AUS,25150200
AFC,GIO Canberra Stadium,Canberra,-,25011,Australia,AUS,25150200
AFC,Hunter Stadium,Newcastle,"Jets, Knights",33000,Australia,AUS,25150200
AFC,Marvel Stadium,Melbourne,Melbourne Victory,56347,Australia,AUS,25150200
AFC,Melbourne Cricket Ground,Melbourne,-,100024,Australia,AUS,25150200
AFC,nib Stadium,Perth,-,20156,Australia,AUS,25150200
AFC,Optus Stadium,Perth,"Eagles, Dockers, Western Force",60000,Australia,AUS,25150200
AFC,Pirtek Stadium,Sydney,WS Wanderers FC,20741,Australia,AUS,25150200
AFC,SOP Athletic Centre,Sydney,-,5000,Australia,AUS,25150200
AFC,Subiaco Oval,Perth,"Eagles, Dockers, Western Force",42922,Australia,AUS,25150200
AFC,Suncorp Stadium,Brisbane,Brisbane Roar,53223,Australia,AUS,25150200
UEFA,Allianz Stadion,Vienna,Rapid,28345,Austria,AUT,8857960
UEFA,BSFZ-Arena,Vienna,Admira Wacker,12000,Austria,AUT,8857960
UEFA,Cashpoint-Arena,Altach,SCR,8500,Austria,AUT,8857960
UEFA,Casino-Stadion,Bregenz,Schwarz-Weiß,11112,Austria,AUT,8857960
UEFA,Ernst-Happel-Stadion,Vienna,-,50865,Austria,AUT,8857960
UEFA,Fill Metallbau Stadion,Ried,SV Ried,7600,Austria,AUT,8857960
UEFA,Franz-Fekete-Stadion,Kapfenberg,Kapfenberger SV,12000,Austria,AUT,8857960
UEFA,Fußballakademie Burgenland,Mattersburg,SV Mattersburg,2500,Austria,AUT,8857960
UEFA,Generali-Arena,Vienna,Austria,13500,Austria,AUT,8857960
UEFA,Gernot Langes Stadion,Wattens,WSG Wattens,5200,Austria,AUT,8857960
UEFA,Hohe Warte,Vienna,First Vienna,6000,Austria,AUT,8857960
UEFA,Lavanttal-Arena,Wolfsberg,WAC,7300,Austria,AUT,8857960
UEFA,Linzer Stadion,Linz,Blau-Weiß,21005,Austria,AUT,8857960
UEFA,Merkur Arena,Graz,"Grazer AK, SK Sturm",15400,Austria,AUT,8857960
UEFA,MyPhone Austria Stadion,Salzburg,Austria,1566,Austria,AUT,8857960
UEFA,NV Arena,Sankt Pölten,SKN St Pölten,8000,Austria,AUT,8857960
UEFA,Pappelstadion,Mattersburg,SV Mattersburg,18000,Austria,AUT,8857960
UEFA,Red Bull Arena,Salzburg,Salzburg,31895,Austria,USA,8857960
UEFA,Sonnenseestadion,Ritzing,"SC Ritzing, SC Eisenstadt",5000,Austria,AUT,8857960
UEFA,Sportplatz Lend,Hall in Tirol,SV Hall,2000,Austria,AUT,8857960
UEFA,Stadion Donawitz,Leoben,DSV Leoben,6000,Austria,AUT,8857960
UEFA,Stadion Schuberth,Melk,SC Melk,2500,Austria,AUT,8857960
UEFA,Stadion Tivoli NEU,Innsbruck,Wacker,16008,Austria,AUT,8857960
UEFA,TGW-Arena,Pasching,"FC Pasching, LASK",7870,Austria,AUT,8857960
UEFA,Wörthersee Stadion,Klagenfurt am Wörthersee,SK Austria,31957,Austria,AUT,8857960
UEFA,Bakcell Arena,Baku,-,11000,Azerbaijan,AZE,9898100
UEFA,Bakı Olimpiya Stadionu,Baku,-,69870,Azerbaijan,AZE,9898100
UEFA,Habil Xəlilov Stadionu,Imishli,MKT-Araz,8500,Azerbaijan,AZE,9898100
UEFA,Şəfa  Stadionu,Baku,"Inter, Olimpik, Standard",7535,Azerbaijan,AZE,9898100
UEFA,Tofiq Bəkhramov Stadionu,Baku,"Neftchi, FK Baku",31100,Azerbaijan,AZE,9898100
AFC,Bangabandhu National Stadium,Dhaka,"Brothers Union, Mohammedan SC, Abahani Ltd",36000,Bangladesh,BAN,162951560
UEFA,Borisov Arena,Borisov,BATE,13121,Belarus,BLR,9491800
UEFA,Neman Stadion,Grodno,Neman,8800,Belarus,BLR,9491800
UEFA,Stadion Brestskiy,Brest,Dynamo,10169,Belarus,BLR,9491800
UEFA,Stadion Dinama,Minsk,Dinamo,34000,Belarus,BLR,9491800
UEFA,Stadion Dinamo-Yuni,Minsk,Dinamo,4500,Belarus,BLR,9491800
UEFA,Stadion Horodskiy,Borisov,BATE,5402,Belarus,BLR,9491800
UEFA,Stadion Torpedo,Zhodino,Torpedo-BelAZ,6542,Belarus,BLR,9491800
UEFA,Stadion Torpedo,Minsk,Torpedo Minsk,5200,Belarus,BLR,9491800
UEFA,Stadion Traktor,Minsk,"MTZ-RIPO, Zvezda-VA-BGU",17586,Belarus,BLR,9491800
UEFA,AFAS Stadion,Mechelen,KV Mechelen,16672,Belgium,BEL,11420163
UEFA,Albertparkstadion,Ostenda,KV Oostende,8000,Belgium,BEL,11420163
UEFA,Bosuil Stadion,Antwerp,Royal FC,15975,Belgium,BEL,11420163
UEFA,Constant Vanden Stock Stadion,Brussels,Anderlecht,28063,Belgium,BEL,11420163
UEFA,Daknamstadion,Lokeren,SC Lokeren,12000,Belgium,BEL,11420163
UEFA,De Leunen,Geel,ASV Geel,10524,Belgium,BEL,11420163
UEFA,De Pluimen,Dikmsuide,KSV Diksmuide,2500,Belgium,BEL,11420163
UEFA,Edmond Machtens-Stadion,Sint-Jans-Molenbeek,FC Brussels,15266,Belgium,BEL,11420163
UEFA,Freethiel,Beveren,Waasland-Beveren,13290,Belgium,BEL,11420163
UEFA,Gemeentelijk Parkstadion,Boom,Rupel Boom,9450,Belgium,BEL,11420163
UEFA,Ghelamco Arena,Gent,KAA Gent,19999,Belgium,BEL,11420163
UEFA,Henri Houtsaeger Stadion,Koksijde,KVVC,2500,Belgium,BEL,11420163
UEFA,Herman Vanderpoortenstadion,Lier,Lierse,15500,Belgium,BEL,11420163
UEFA,Jan Breydel Stadion,Brugge,"Club Brugge, Cercle Brugge",29022,Belgium,BEL,11420163
UEFA,Kehrwegstadion,Eupen,KAS Eupen,8400,Belgium,BEL,11420163
UEFA,King Power at Den Dreef Stadion,Leuven,OH Leuven,10020,Belgium,BEL,11420163
UEFA,Koning Boudewijn Stadion,Brussels,-,50122,Belgium,BEL,11420163
UEFA,Ludo Coeck Stadion,Antwerp,Berchem Sport,13607,Belgium,BEL,11420163
UEFA,Luminus Arena,Genk,Genk,23718,Belgium,BEL,11420163
UEFA,Olympisch Stadion,Antwerp,Beerschot Wilrijk,12771,Belgium,BEL,11420163
UEFA,Pierre Cornelisstadion,Aalst,Eendracht,6294,Belgium,BEL,11420163
UEFA,Regenboogstadion,Waregem,Zulte,11020,Belgium,BEL,11420163
UEFA,Schierveldestadion,Roeselare,KSV Roeselare,9036,Belgium,BEL,11420163
UEFA,Staaien,Sint-Truiden,St-Truiden VV,12125,Belgium,BEL,11420163
UEFA,Stade Charles Tondreau,Mons,RAEC Mons,12662,Belgium,BEL,11420163
UEFA,Stade de la Neuville,Charleroi,ROC de Charleroi,12164,Belgium,BEL,11420163
UEFA,Stade de Sclessin,Liège,Standard,30023,Belgium,BEL,11420163
UEFA,Stade du Pays de Charleroi,Charleroi,Charleroi,14000,Belgium,BEL,11420163
UEFA,Stade du Tivoli,La Louvière,UR La Louvière Centre,12500,Belgium,BEL,11420163
UEFA,Stade Le Cannonier,Mouscron,Royal Mouscron-Péruwelz,10830,Belgium,BEL,11420163
UEFA,Stade Robert Urbain,Boussu,Royal Boussu,6000,Belgium,BEL,11420163
UEFA,t’Kuipje,Westerlo,KVC Westerlo,10278,Belgium,BEL,11420163
CONMEBOL,Estadio Hernando Siles,La Paz,"The Strongest, Destroyers, Mariscal Braun",42000,Bolivia,BOL,11248864
CONMEBOL,Estadio Juan Carlos Durán Saucedo,Santa Cruz,Real,10000,Bolivia,BOL,11248864
CONMEBOL,Estadio Ramón Aguilera,Santa Cruz de la Sierra,"Oriente Petrolero, Destroyers, Guabira, Blooming",38000,Bolivia,BOL,11248864
UEFA,Olimpiskij Stadion Koševo,Sarajevo,FK Sarajevo,35630,Bosnia-Herzegovina,BIH,3511372
UEFA,Stadion Banja Ilidža,Gradačac,Zvijezda,5000,Bosnia-Herzegovina,BIH,3511372
UEFA,Stadion Bilino Polje,Zenica,Čelik,18000,Bosnia-Herzegovina,BIH,3511372
UEFA,Stadion Gradski,Banja Luka,Borac,9730,Bosnia-Herzegovina,BIH,3511372
UEFA,Stadion Gradski,Ugljevik,Rudar,8000,Bosnia-Herzegovina,BIH,3511372
UEFA,Stadion Gradski,Orašje,HNK Orašje,3000,Bosnia-Herzegovina,BIH,3511372
UEFA,Stadion Grbavica,Sarajevo,"Željezničar, Olimpik",16100,Bosnia-Herzegovina,BIH,3511372
UEFA,Stadion Jedinstvo,Bihać,Jedinstvo,7500,Bosnia-Herzegovina,BIH,3511372
UEFA,Stadion Mokri Dolac,Posušje,Posušje,8000,Bosnia-Herzegovina,BIH,3511372
UEFA,Stadion pod Bijelim Brijegom,Mostar,HŠK Zrinjski,25000,Bosnia-Herzegovina,BIH,3511372
UEFA,Stadion Rođeni,Mostar,Velež,5294,Bosnia-Herzegovina,BIH,3511372
CAF,Botswana National Stadium,Gaborone,-,22000,Botswana,BOT,2250260
CONMEBOL,Allianz Parque,São Paulo,Palmeiras,43713,Brazil,BRA,210147125
CONMEBOL,Arena Barueri,Barueri,"SC Barueri, Grêmio",35000,Brazil,BRA,210147125
CONMEBOL,Arena Condá,Chapecó,Chapecoense,19325,Brazil,BRA,210147125
CONMEBOL,Arena Corinthians,São Paulo,Corinthians,48234,Brazil,BRA,210147125
CONMEBOL,Arena da Amazonia,Manaus,-,44351,Brazil,BRA,210147125
CONMEBOL,Arena da Baixada,Cúritiba,Paranaense,43981,Brazil,BRA,210147125
CONMEBOL,Arena das Dunas,Natal,"América FC, ABC FC",31375,Brazil,BRA,210147125
CONMEBOL,Arena do Grêmio,Pôrto Alegre,Gręmio,60540,Brazil,BRA,210147125
CONMEBOL,Arena Pantanal,Cuiabá,"Mixto, Cuiabá EC",41390,Brazil,BRA,210147125
CONMEBOL,Estádio Anacleto Campanella,São Caetano do Sul,AD São Caetano,14400,Brazil,BRA,210147125
CONMEBOL,Estádio Beira-Rio,Pôrto Alegre,Internacional,51800,Brazil,BRA,210147125
CONMEBOL,Estádio Boca do Lobo,Pelotas,EC Pelotas,23336,Brazil,BRA,210147125
CONMEBOL,Estádio Brinco de Ouro,Campinas,Guarani FC,29130,Brazil,BRA,210147125
CONMEBOL,Estádio Caio Martins,Niterói,Botafogo,15000,Brazil,BRA,210147125
CONMEBOL,Estádio Castelão,Fortaleza,"Fortaleza, Ceará, Ferroviário",63903,Brazil,BRA,210147125
CONMEBOL,Estádio Couto Pereira,Cúritiba,Coritiba FC,40310,Brazil,BRA,210147125
CONMEBOL,Estádio de Pituaçu,Salvador da Bahia,Bahia,32157,Brazil,BRA,210147125
CONMEBOL,Estádio do Arruda,Recife,Santa Cruz,53289,Brazil,BRA,210147125
CONMEBOL,Estádio do Canindé,São Paulo,A.D. Portuguesa,21004,Brazil,BRA,210147125
CONMEBOL,Estádio do Morumbi,São Paulo,FC São Paulo,67428,Brazil,BRA,210147125
CONMEBOL,Estádio do Pacaembu,São Paulo,-,37952,Brazil,BRA,210147125
CONMEBOL,Estádio dos Aflitos,Recife,Náutico Capibaribe,28000,Brazil,BRA,210147125
CONMEBOL,Estádio Ilha do Retiro,Recife,SC Recife,45500,Brazil,BRA,210147125
CONMEBOL,Estádio Joaquim Henrique Nogueira,Sete Lagoas,Democrata FC,18870,Brazil,BRA,210147125
CONMEBOL,Estádio Kléber Andrade,Cariacica,Rio Branco,21150,Brazil,BRA,210147125
CONMEBOL,Estádio Mangueirão,Belém,Remo,45007,Brazil,BRA,210147125
CONMEBOL,Estádio Manoel Barradas,Salvador da Bahia,Vitória,34842,Brazil,BRA,210147125
CONMEBOL,Estádio Mineirão,Belo Horizonte,"Cruzeiro, Mineiro",62160,Brazil,BRA,210147125
CONMEBOL,Estádio Moisés Lucarelli,Campinas,Ponte Preta,27946,Brazil,BRA,210147125
CONMEBOL,Estádio Nacional,Brasilia,Brasília FC,72888,Brazil,BRA,210147125
CONMEBOL,Estádio Nilton Santos,Rio de Janeiro,Botafogo,44661,Brazil,BRA,210147125
CONMEBOL,Estádio Olímpico Monumental,Pôrto Alegre,Gręmio,51081,Brazil,BRA,210147125
CONMEBOL,Estádio Presidente Vargas,Fortaleza,"Fortaleza EC, Tiradentes, Ceará",20268,Brazil,BRA,210147125
CONMEBOL,Estádio Raulino de Oliveira,Volta Redonda,"Flamengo, Fluminense",21000,Brazil,BRA,210147125
CONMEBOL,Estádio São Januário,Rio de Janeiro,Vasco,25000,Brazil,BRA,210147125
CONMEBOL,Estádio Serra Dourada,Goiânia,"Goiás, Vila Nova, Atlético Goianiense, Goiânia",50049,Brazil,BRA,210147125
CONMEBOL,Estádio Vila Belmiro,Santos,Santos FC,15800,Brazil,BRA,210147125
CONMEBOL,Estádio Zerão,Macapá,"Amapá Clube, EC Macapá, Trem, Ypiranga Clube",13680,Brazil,BRA,210147125
CONMEBOL,Independência,Belo Horizonte,"América FC, Atlético Mineiro",23950,Brazil,BRA,210147125
CONMEBOL,Itaipava Arena Fonte Nova,Salvador da Bahia,EC Bahia,50000,Brazil,BRA,210147125
CONMEBOL,Itaipava Arena Pernambuco,São Lourenço da Mata,Náutico Capibaribe,46154,Brazil,BRA,210147125
CONMEBOL,Maracanã,Rio de Janeiro,"Flamengo, Botafogo, Fluminense, Vasco",78838,Brazil,BRA,210147125
AFC,Stadium Balapan,Bandar Seri Begawan,"Jerudong, Gunners, NBT, Majra",3000,Brunei,BRU,417200
AFC,Stadium Negara Hassanal Bolkiah,Bandar Seri Begawan,DPMM FC,30000,Brunei,BRU,417200
UEFA,Ludogorets Arena,Razgrad,Ludogorets,9000,Bulgaria,BUL,7050034
UEFA,Stadion „Akademik”,Sofia,Akademik,10000,Bulgaria,BUL,7050034
UEFA,Stadion 9. Septembri,Burgas,Czernomorec,22000,Bulgaria,BUL,7050034
UEFA,Stadion Bâlgarska Armiya,Sofia,CSKA,22015,Bulgaria,BUL,7050034
UEFA,Stadion Bonchuk,Dupnitsa,Marek,16050,Bulgaria,BUL,7050034
UEFA,Stadion Georgi Asparuhov,Sofia,Levski,29200,Bulgaria,BUL,7050034
UEFA,Stadion Hristo Botev,Plovdiv,Botev,21000,Bulgaria,BUL,7050034
UEFA,Stadion Hristo Botev,Blagoevgrad,Pirin,7500,Bulgaria,BUL,7050034
UEFA,Stadion Lazur,Burgas,Neftochimic,18339,Bulgaria,BUL,7050034
UEFA,Stadion Lokomotiv,Plovdiv,Lokomotiv,12000,Bulgaria,BUL,7050034
UEFA,Stadion Lokomotiv,Sofia,Lokomotiv,16000,Bulgaria,BUL,7050034
UEFA,Stadion Łowecz,Lovech,Litex,7050,Bulgaria,BUL,7050034
UEFA,Stadion Płowdiw,Plovdiv,-,48000,Bulgaria,BUL,7050034
UEFA,Stadion Slavija,Sofia,Slavija,18000,Bulgaria,BUL,7050034
UEFA,Stadion Spartak,Varna,Spartak,12000,Bulgaria,BUL,7050034
UEFA,Stadion Vassil Levski,Sofia,-,43632,Bulgaria,BUL,7050034
CAF,Stade du 4-Août,Ouagadougou,-,38000,Burkina Faso,BFA,20107509
AFC,Bogyoke Aung San Stadium,Yangon,Manaw Mayay,40000,Burma,MYA,53582855
AFC,Mandalar Thiri Sports Stadium,Mandalay,Yadanarbon,30589,Burma,MYA,53582855
AFC,Thuwunna YTC Stadium,Yangon,Rakhapura United,50000,Burma,MYA,53582855
CAF,Stade Prince Louis Rwagasore,Bujumbura,"Prince Louis, Vital'O",22000,Burundi,BDI,10524117
AFC,Changlimithang Stadium,Thimphu,"Druk Pol, Druk Star, Druk United, Thimpu City",15000,Butan,BHU,797765
AFC,Phnom Penh National Stadium,Phnom Penh,-,50000,Cambodia,CAM,16245729
CAF,Stade Omnisports de Bafoussam,Bafoussam,-,20142,Cameroon,CMR,23439189
CONCACAF,BC Place,Vancouver,"Whitecaps, Lions",52465,Canada,CAN,37067011
CONCACAF,BMO Field,Toronto,Toronto FC,30991,Canada,CAN,37067011
CONCACAF,Commonwealth Stadium,Edmonton,Eskimos,56302,Canada,CAN,37067011
CONCACAF,Investors Group Field,Winnipeg,Blue Bombers,33422,Canada,CAN,37067011
CONCACAF,Lamport Stadium,Toronto,Serbian White Eagles,9600,Canada,CAN,37067011
CONCACAF,McMahon Stadium,Calgary,"Stampeders, Dinos",35650,Canada,CAN,37067011
CONCACAF,Mosaic Stadium,Regina,Roughriders,33000,Canada,CAN,37067011
CONCACAF,Olympic Stadium,Montreal,Alouettes,66308,Canada,CAN,37067011
CONCACAF,Percival Molson Stadium,Montreal,Alouettes,25012,Canada,CAN,37067011
CONCACAF,Rogers Centre,Toronto,Argonauts,54000,Canada,CAN,37067011
CONCACAF,Stade Saputo,Montreal,Impact,20801,Canada,CAN,37067011
CONCACAF,Taylor Field,Regina,-,30945,Canada,CAN,37067011
CONCACAF,TD Place Stadium,Ottawa,"Redblacks, Fury",24000,Canada,CAN,37067011
CONCACAF,Tim Hortons Field,Hamilton,Tiger-Cats,24000,Canada,CAN,37067011
CONMEBOL,Estadio Bicentenario La Florida,La Florida,Audax Italiano,12000,Chile,CHI,17574003
CONMEBOL,Estadio CAP,Talcahuano,CD Huachipato,10500,Chile,CHI,17574003
CONMEBOL,Estadio Carlos Dittborn,Arica,San Marcos,9746,Chile,CHI,17574003
CONMEBOL,Estadio El Teniente,Rancagua,O’Higgins,14087,Chile,CHI,17574003
CONMEBOL,Estadio Elías Figueroa,Valparaiso,Wanderers,21113,Chile,CHI,17574003
CONMEBOL,Estadio Francisco Sánchez Rumoroso,Coquimbo,Unido,18750,Chile,CHI,17574003
CONMEBOL,Estadio Germán Becker,Temuco,CD Temuco,18125,Chile,CHI,17574003
CONMEBOL,Estadio La Cisterna,Santiago,Palestino,12000,Chile,CHI,17574003
CONMEBOL,Estadio La Granja,Curicó,Curicó Unido,8000,Chile,CHI,17574003
CONMEBOL,Estadio La Portada,La Serena,Deportes,18243,Chile,CHI,17574003
CONMEBOL,Estadio Lucio Fariña Fernández,Quillota,San Luis,7680,Chile,CHI,17574003
CONMEBOL,Estadio Luis Valenzuela Hermosilla,Copiapó,Deportes Copiapó,8000,Chile,CHI,17574003
CONMEBOL,Estadio Monumental David Arellano,Santiago,Colo Colo,47347,Chile,CHI,17574003
CONMEBOL,Estadio Municipal de Concepción,Concepción,"Universidad, Concepción, Fernández Vial",30448,Chile,CHI,17574003
CONMEBOL,Estadio Nacional,Santiago,Universidad de Chile,48745,Chile,CRC,17574003
CONMEBOL,Estadio Nelson Oyarzún,Chillán,Ñublense,12000,Chile,CHI,17574003
CONMEBOL,Estadio Nicanor Apablaza,Pelluhue,-,952,Chile,CHI,17574003
CONMEBOL,Estadio Regional Calvo y Bascuñán,Antofagasta,CD Antofagasta,21178,Chile,CHI,17574003
CONMEBOL,Estadio Regional de Chinquihue,Puerto Montt,CD Puerto Montt,10000,Chile,CHI,17574003
CONMEBOL,Estadio San Carlos de Apoquindo,Santiago,Universidad Católica,12000,Chile,CHI,17574003
CONMEBOL,Estadio Santa Laura,Santiago,Unión Espańola,25000,Chile,CHI,17574003
CONMEBOL,Estadio Sausalito,Viña del Mar,Everton,23423,Chile,CHI,17574003
CONMEBOL,Estadio Zorros del Desierto,Calama,CD Cobreloa,12346,Chile,CHI,17574003
AFC,Bao’an Stadium,Shenzhen,-,40050,China,CHN,1403500365
AFC,Beijing National Stadium,Beijing,-,80000,China,CHN,1403500365
AFC,Century Lotus Stadium,Foshan,-,36000,China,CHN,1403500365
AFC,Dalian Sports Center Stadium,Dalian,Aerbin,61000,China,CHN,1403500365
AFC,Daqing Olympic Park Stadium,Daqing,-,32031,China,CHN,1403500365
AFC,Guangdong Stadium,Guangzhou,-,80012,China,CHN,1403500365
AFC,Guangxi Stadium,Nanning,-,60000,China,CHN,1403500365
AFC,Haixia Olympic Center Stadium,Fuzhou,-,59562,China,CHN,1403500365
AFC,Hefei Olympic Stadium,Hefei,Jiufang,60000,China,CHN,1403500365
AFC,Helan Shan Stadium,Yinchuan,-,39872,China,CHN,1403500365
AFC,Hohhot Stadium,Hohhot,-,53000,China,CHN,1403500365
AFC,Hongkou Stadium,Shanghai,Shenua,33060,China,CHN,1403500365
AFC,Huangpu Sports Center Stadium,Guangzhou,Guangdong FC,12000,China,CHN,1403500365
AFC,Huizhou Sports Center Stadium,Huizhou,-,40000,China,CHN,1403500365
AFC,Jiangyin Sports Centre Stadium,Jiangyin,-,31888,China,CHN,1403500365
AFC,Jinan Olympic Stadium,Jinan,-,60000,China,CHN,1403500365
AFC,Lhasa Stadium,Lhasa,-,20000,China,CHN,1403500365
AFC,Longgang Stadium,Shenzhen,-,60334,China,CHN,1403500365
AFC,Macau Stadium,Macau,-,15722,China,CHN,1403500365
AFC,Nanchang Sports Center Stadium,Nanchang,-,58000,China,CHN,1403500365
AFC,Nanjing Olympic Stadium,Nanjing,Sainty,61443,China,CHN,1403500365
AFC,Nantong Stadium,Nantong,-,22000,China,CHN,1403500365
AFC,Ordos Dongsheng Stadium,Ordos,-,35107,China,CHN,1403500365
AFC,Ordos Sports Center Stadium,Ordos,-,60000,China,CHN,1403500365
AFC,People’s Stadium,Dalian,Shide,55843,China,CHN,1403500365
AFC,Qinhuangdao Olympic Stadium,Qinhuangdao,-,33572,China,CHN,1403500365
AFC,Red Beach Stadium,Panjin,-,35600,China,CHN,1403500365
AFC,Shandong Sports Center,Jinan,Luneng Taishan,43700,China,CHN,1403500365
AFC,Shanghai Stadium,Shanghai,SIPG FC,56842,China,CHN,1403500365
AFC,Shanxi Sports Center Stadium,Taiyuan,-,62000,China,CHN,1403500365
AFC,Shaoxing Stadium,Shaoxing,Zhejiang Yiteng,40000,China,CHN,1403500365
AFC,Shenyang Olympic Stadium,Shenyang,-,60000,China,CHN,1403500365
AFC,Shenzhen Bay Sports Center,Shenzhen,-,20000,China,CHN,1403500365
AFC,Suining SC Stadium,Suining,-,30000,China,CHN,1403500365
AFC,Teda Football Stadium,Tianjin,Teda,36390,China,CHN,1403500365
AFC,Tianhe Stadium,Guangzhou,Evergrande,58500,China,CHN,1403500365
AFC,Tianjin Olympic Stadium,Tianjin,-,60000,China,CHN,1403500365
AFC,Tongling SC Stadium,Tongling,-,30000,China,CHN,1403500365
AFC,Workers’ Stadium,Beijing,Hyundai,66161,China,CHN,1403500365
AFC,Wuhan Sports Center Stadium,Wuhan,Zall,52672,China,CHN,1403500365
AFC,Wuzhou City Hongling Stadium,Wuzhou,-,18300,China,CHN,1403500365
AFC,Yancheng SC Stadium,Yancheng,-,37003,China,CHN,1403500365
AFC,Yuanshen Stadium,Shanghai,Zobon,20000,China,CHN,1403500365
AFC,Yuexiushan Stadium,Guangzhou,Guangzhou R&F,20000,China,CHN,1403500365
AFC,Zhanjiang Olympic Center Stadium,Zhanjiang,-,39769,China,CHN,1403500365
AFC,Zhenjiang SCC Stadium,Zhenjiang,-,30000,China,CHN,1403500365
AFC,Zibo Sports Center Stadium,Zibo,-,45000,China,CHN,1403500365
CONMEBOL,Estadio Atanasio Girardot,Medellín,"Atlético, Independiente",40043,Colombia,COL,49996445
CONMEBOL,Estadio General Santander,Cúcuta,Deportivo,42901,Colombia,COL,49996445
CONMEBOL,Estadio Hernán Ramírez Villegas,Pereira,Deportivo Pereira,38500,Colombia,COL,49996445
CONMEBOL,Estadio Jaime Morón León,Cartagena,Real,14000,Colombia,COL,49996445
CONMEBOL,Estadio Metropolitano,Baranquilla,"Junior, Uniautónoma",49612,Colombia,COL,49996445
CONMEBOL,Estadio Nemesio Camacho,Bogotá,"Santa Fe, Millonarios",36343,Colombia,COL,49996445
CONMEBOL,Estadio Palogrande,Manizales,Once Caldas,32000,Colombia,COL,49996445
CONMEBOL,Estadio Pascual Guerrero,Cali,"América, Deportivo, Depor",33130,Colombia,COL,49996445
CAF,Stade de Kintélé,Brazzaville,-,60055,Congo,CGO,5125821
CONCACAF,Estadio Alejandro Morera Soto,Alajuela,LD Alajuelense,17895,Costa Rica,CRC,4857274
CONCACAF,Estadio Miguel „Lito” Pérez,Puntarenas,Puntarenas FC,4105,Costa Rica,CRC,4857274
CONCACAF,Estadio Nacional,San José,-,35062,Costa Rica,CHI,4857274
CONCACAF,Estadio Ricardo Saprissa,San José,Deportivo Saprissa,23112,Costa Rica,CRC,4857274
UEFA,Stadion Aldo Drosina,Pula,"Istra 1961, Istra Pula",8923,Croatia,CRO,4154200
UEFA,Stadion Branko Čavlović-Čavlek,Karlovac,NK Karlovac,12000,Croatia,CRO,4154200
UEFA,Stadion Cibalia,Vinkovci,Cibalia,10000,Croatia,CRO,4154200
UEFA,Stadion Gospin Dolac,Imotski,NK Imotski,2766,Croatia,CRO,4154200
UEFA,Stadion Gradski,Koprivnica,Slaven,3134,Croatia,CRO,4154200
UEFA,Stadion Gradski vrt,Osijek,NK Osjiek,18856,Croatia,CRO,4154200
UEFA,Stadion Hrvatski vitezovi,Rijeka,NK Dugopolje,5200,Croatia,CRO,4154200
UEFA,Stadion Intera,Zaprešić,Inter,4528,Croatia,CRO,4154200
UEFA,Stadion Kamen Ingrad,Velika,Kamen Ingrad,7095,Croatia,CRO,4154200
UEFA,Stadion Kranjčevićeva,Zagreb,"NK Zagreb, Lokomotiva",8850,Croatia,CRO,4154200
UEFA,Stadion Lučko,Zagreb,NK Lučko,1800,Croatia,CRO,4154200
UEFA,Stadion Maksimir,Zagreb,Dinamo,38168,Croatia,CRO,4154200
UEFA,Stadion na Kantridi,Rijeka,NK Rijeka,10275,Croatia,CRO,4154200
UEFA,Stadion NK Varteks,Varaždin,Varteks,9099,Croatia,CRO,4154200
UEFA,Stadion Poljud,Split,Hajduk,34448,Croatia,CRO,4154200
UEFA,Stadion Radnik,Velika Gorica,HNK Gorica,8000,Croatia,CRO,4154200
UEFA,Stadion Rujevica,Rijeka,NK Rijeka,8279,Croatia,CRO,4154200
UEFA,Stadion SRC Mladost,Čakovec,Međimurje,8000,Croatia,CRO,4154200
UEFA,Stadion ŠRC Uljanik-Veruda,Pula,-,4000,Croatia,CRO,4154200
UEFA,Stadion Stanovi,Zadar,NK Zadar,5860,Croatia,CRO,4154200
UEFA,Stadion Stjepan Spajić,Zagreb,Hrvatski dragovoljac,4500,Croatia,CRO,4154200
UEFA,Stadion Šubićevac,Šibenik,Šibenik,8500,Croatia,CRO,4154200
UEFA,Stadion u Pricviću,Žrnovnica,Mosor,3000,Croatia,CRO,4154200
UEFA,Ammóchostos,Larnaca,Néa Salamís,4000,Cyprus,CYP,1170125
UEFA,Antonis Papadopoulos,Larnaca,Anorthosis,9319,Cyprus,CYP,1170125
UEFA,Makario,Nicosia,"Ethnikos, Digenis",16440,Cyprus,CYP,1170125
UEFA,Neo GSP,Nicosia,"APOEL, Omonia, Olympiakos",22859,Cyprus,CYP,1170125
UEFA,Pafiako Athlítiko Kentro,Paphos,Pafos FC,9394,Cyprus,CYP,1170125
UEFA,Paralimni,Paralimni,Enosis Neon Paralimni,5800,Cyprus,CYP,1170125
UEFA,Tsirion Athlitiko Kentro,Limassol,"Aris, AEL, Apollon",13261,Cyprus,CYP,1170125
UEFA,Zenon Athlitiko Kentro,Larnaca,"AEK, Alki",13032,Cyprus,CYP,1170125
UEFA,Andrův Stadion,Olomouc,Sigma,12566,Czech Republic,CZE,10610947
UEFA,Chance Arena,Jablonec nad Nisou,FK Jablonec,6280,Czech Republic,CZE,10610947
UEFA,Ďolíček,Prague,Bohemians 1905,5000,Czech Republic,CZE,10610947
UEFA,Doosan Arena,Pilzno,Viktoria,11700,Czech Republic,CZE,10610947
UEFA,Eden Aréna,Prague,Slavia,21000,Czech Republic,CZE,10610947
UEFA,Generali Arena,Prague,Sparta,18944,Czech Republic,CZE,10610947
UEFA,Juliska,Prague,Dukla,4560,Czech Republic,CZE,10610947
UEFA,Letná Stadion,Zlín,FC Fastav Zlín,6375,Czech Republic,CZE,10610947
UEFA,Letní stadion,Pardubice,-,15000,Czech Republic,CZE,10610947
UEFA,Městský fotbalový stadion Srbská,Brno,Zbrojovka,10785,Czech Republic,CZE,10610947
UEFA,Městský stadion,Karvina,MFK Karviná,4833,Czech Republic,CZE,10610947
UEFA,Mestsky Stadion Liberec,Liberec,FC Slovan Liberec,7000,Czech Republic,CZE,10610947
UEFA,Městský stadion Mladá Boleslav,Mladá Boleslav,FK Mladá Boleslav,5000,Czech Republic,CZE,10610947
UEFA,Městský stadión Znojmo,Znojmo,1. SC Znojmo,5000,Czech Republic,CZE,10610947
UEFA,Na Litavce,Příbram,FK Příbram,9100,Czech Republic,CZE,10610947
UEFA,Na Stínadlech,Teplice,FK Teplice,18221,Czech Republic,CZE,10610947
UEFA,Pod Vinicí,Pardubice,FK Pardubice,3000,Czech Republic,CZE,10610947
UEFA,Stadion 1. HFK Olomouc,Olomouc,HFK Olomouc,2900,Czech Republic,CZE,10610947
UEFA,Stadion Banik Sokolov,Sokolov,Banik,5000,Czech Republic,CZE,10610947
UEFA,Stadion Dukla,Havirov,MFK Havířov,7500,Czech Republic,CZE,10610947
UEFA,Stadion Evžena Rošického,Prague,-,19032,Czech Republic,CZE,10610947
UEFA,Stadion FK Drnovice,Drnovice,FK Drnovice,6400,Czech Republic,CZE,10610947
UEFA,Stadion Františka Kloze,Kladno,SK Kladno,4000,Czech Republic,CZE,10610947
UEFA,Stadion Josefa Masopusta,Most,Siad,7500,Czech Republic,CZE,10610947
UEFA,Stadion Markéta,Prague,"Olymp, Markéta",17500,Czech Republic,CZE,10610947
UEFA,Stadion Miroslava Valenty,Uherské Hradiště,Slovácko,8121,Czech Republic,CZE,10610947
UEFA,Stadion na Střeleckém Ostrově,Czeskie Budziejowice,Dynamo,6746,Czech Republic,CZE,10610947
UEFA,Stadion na Zadních Vinohradech,Chomutov,FC Chomutov,4800,Czech Republic,CZE,10610947
UEFA,Stadion u Nisy,Liberec,FC Slovan Liberec,9900,Czech Republic,CZE,10610947
UEFA,Stadion v Jiráskově ulici,Jihlava,Vysočina,4075,Czech Republic,CZE,10610947
UEFA,Viktoria Stadion,Prague,Viktoria Žižkov,5600,Czech Republic,CZE,10610947
UEFA,Vítkovice Aréna,Ostrava,"MFK Vítkovice, Baník Ostrava",15000,Czech Republic,CZE,10610947
UEFA,Všesportovní Stadion,Hradec Králové,FC Hradec Králové,7100,Czech Republic,CZE,10610947
UEFA,Aalborg Portland Park,Aalborg,AaB,13800,Denmark,DEN,5806015
UEFA,BioNutria Park Randers,Randers,Randers FC,10300,Denmark,DEN,5806015
UEFA,Blue Water Arena,Esbjerg,Esbjerg FB,18000,Denmark,DEN,5806015
UEFA,Brøndby Stadion,Brøndby,Brøndby IF,31400,Denmark,DEN,5806015
UEFA,CASA Arena Horsens,Horsens,AC Horsens,10400,Denmark,DEN,5806015
UEFA,Ceres Park,Århus,AGF Århus,20220,Denmark,DEN,5806015
UEFA,DS Arena,Hobro,Hobro IK,10700,Denmark,DEN,5806015
UEFA,EWII Park,Odense,OB,15761,Denmark,DEN,5806015
UEFA,Gladsaxe Idrætspark,Søborg,Akademisk,12000,Denmark,DEN,5806015
UEFA,Helsingør Stadion,Helsingør,FC Helsingør,5500,Denmark,DEN,5806015
UEFA,JYSK park,Silkeborg,Silkeborg IF,10000,Denmark,DEN,5806015
UEFA,Lyngby Stadion,Lyngby,Lyngby BK,9000,Denmark,DEN,5806015
UEFA,MCH Arena,Herning,Midtjylland,11535,Denmark,DEN,5806015
UEFA,Næstved Stadion,Næstved,Næstved BK,10000,Denmark,DEN,5806015
UEFA,Right to Dream Park,Farum,Nordsjćlland,10100,Denmark,DEN,5806015
UEFA,Slagelse Stadion,Slagelse,Slagelse BK,10000,Denmark,DEN,5806015
UEFA,Sundby IP,Kopenhagen,Fremad Amager,7200,Denmark,DEN,5806015
UEFA,Sydbank Park,Haderslev,Sønderjysk,10000,Denmark,DEN,5806015
UEFA,Telia Parken,Kopenhagen,FC København,38009,Denmark,DEN,5806015
UEFA,Valby Idrætspark,Kopenhagen,Frem,12000,Denmark,DEN,5806015
CONMEBOL,Estadio Capwell,Guayaquil,Emelec,40059,Ecuador,ECU,16385068
CONMEBOL,Estadio Monumental Banco Pichincha,Guayaquil,Barcelona,59283,Ecuador,ECU,16385068
CONMEBOL,Estadio Olímpico Atahualpa,Quito,"El Nacional, Deportivo Quito",39816,Ecuador,ECU,16385068
CONMEBOL,La Casa Blanca,Quito,LDU Quito,41596,Ecuador,ECU,16385068
CAF,Borg El-Arab Stadium,Borg El-Arab,-,86000,Egypt,EGY,100124354
CAF,Cairo International Stadium,Cairo,"Zamalek, Al-Ahly",74100,Egypt,EGY,100124354
CAF,Harras El-Hedoud Stadium,Alexandria,Sawahel,22000,Egypt,EGY,100124354
CAF,Military Academy Stadium,Cairo,Al-Jaish,28500,Egypt,EGY,100124354
CAF,Mukhtar Al-Tetsh Stadium,Cairo,Al-Ahly,25000,Egypt,EGY,100124354
CAF,Port Said Stadium,Port Said,Al-Masry,17988,Egypt,EGY,100124354
UEFA,ABAX Stadium,Peterborough,Peterborough Utd,14319,England,ENG,55619400
UEFA,Abbey Business Stadium,Chaltenham,"Chaltenham Town, Gloucester City",7066,England,ENG,55619400
UEFA,Abbey Stadium,Cambridge,Cambridge United,9617,England,ENG,55619400
UEFA,Academy Stadium,Manchester,Manchester City,7000,England,ENG,55619400
UEFA,Adams Park,Wycombe,Wycombe Wanderers,10284,England,ENG,55619400
UEFA,Aggborough,Kidderminster,Harriers,6238,England,ENG,55619400
UEFA,Alexander Stadium,Birmingham,-,12700,England,ENG,55619400
UEFA,Alexandra Stadium,Crewe,Crewe Alexandra,10153,England,ENG,55619400
UEFA,Amex Stadium,Brighton & Hove,Albion,30666,England,ENG,55619400
UEFA,Anfield,Liverpool,Liverpool,53394,England,ENG,55619400
UEFA,Ashton Gate,Bristol,Bristol City,27699,England,ENG,55619400
UEFA,Banks’s Stadium,Walsall,Walsall FC,11300,England,ENG,55619400
UEFA,bet365 Stadium,Stoke-on-Trent,Stoke City,30089,England,ENG,55619400
UEFA,Bloomfield Road,Blackpool,Blackpool FC,16220,England,ENG,55619400
UEFA,Blundell Park,Grimsby,Grimsby Town,9052,England,ENG,55619400
UEFA,Boleyn Ground,London,West Ham,35345,England,ENG,55619400
UEFA,Boundary Park,Oldham,Athletic,10638,England,ENG,55619400
UEFA,Bramall Lane,Sheffield,Sheffield United,32702,England,ENG,55619400
UEFA,Bristol Memorial Stadium,Bristol,Rovers,11917,England,ENG,55619400
UEFA,Broadhurst Park,Manchester,FC United,4400,England,ENG,55619400
UEFA,Brunton Park,Carlisle,United,16980,England,ENG,55619400
UEFA,Carrow Road,Norwich,Norwich City,27033,England,ENG,55619400
UEFA,Checkatrade.com Stadium,Crawley,Crawley Town,6134,England,ENG,55619400
UEFA,City Ground,Nottingham,Nottingham Forest,30445,England,ENG,55619400
UEFA,Colchester Community Stadium,Colchester,Colchester United,10084,England,ENG,55619400
UEFA,County Ground,Swindon,Swindon Town FC,15728,England,ENG,55619400
UEFA,Craven Cottage,London,Fulham,25700,England,ENG,55619400
UEFA,Darlington Arena,Darlington,-,25000,England,ENG,55619400
UEFA,DCJ Group Insurance Arena,Matlock,Matlock Town,2757,England,ENG,55619400
UEFA,Deepdale Stadium,Preston,Preston,23404,England,ENG,55619400
UEFA,DW Stadium,Wigan,Wigan,25138,England,ENG,55619400
UEFA,Elland Road,Leeds,Leeds United,39460,England,ENG,55619400
UEFA,Emirates Stadium,London,Arsenal,59867,England,ENG,55619400
UEFA,Etihad Stadium,Manchester,Manchester City,55017,England,ENG,55619400
UEFA,Ewen Fields,Hyde,Hyde FC,4073,England,ENG,55619400
UEFA,Ewood Park,Blackburn,Blackburn Rovers,31154,England,ENG,55619400
UEFA,Fratton Park,Portsmouth,Portsmouth,20821,England,ENG,55619400
UEFA,Gigg Lane,Bury,Bury FC,11840,England,ENG,55619400
UEFA,Glanford Park,Scunthorpe,Scunthorpe United,9088,England,ENG,55619400
UEFA,Globe Arena,Morecambe,Morecambe FC,6476,England,ENG,55619400
UEFA,Goodison Park,Liverpool,Everton,39595,England,ENG,55619400
UEFA,Griffin Park,London,Brentford FC,12300,England,ENG,55619400
UEFA,Highbury Stadium,Fleetwood,Fleetwood Town,5094,England,ENG,55619400
UEFA,Hillsborough,Sheffield,Sheffield Wednesday,39812,England,ENG,55619400
UEFA,Home Park,Plymouth,Argyle,16388,England,ENG,55619400
UEFA,Huish Park,Yeovil,Yeovil Town,9665,England,ENG,55619400
UEFA,John Smith’s Stadium,Huddersfield,Huddersfield Town,24169,England,ENG,55619400
UEFA,Kassam Stadium,Oxford,Oxford United,12500,England,ENG,55619400
UEFA,KCOM Stadium,Hull,Hull City,24983,England,ENG,55619400
UEFA,Keepmoat Stadium,Doncaster,Rovers,15231,England,ENG,55619400
UEFA,Kenilworth Road,Luton,Luton Town,10226,England,ENG,55619400
UEFA,King Power Stadium,Leicester,Leicester City,32273,England,ENG,55619400
UEFA,Kingsmeadow,London,"Kingstonian, Wimbledon",4850,England,ENG,55619400
UEFA,Loftus Road,London,QPR,18000,England,ENG,55619400
UEFA,London Stadium,London,West Ham,60000,England,ENG,55619400
UEFA,Macron Stadium,Bolton,Bolton Wanderers,28723,England,ENG,55619400
UEFA,Madejski Stadium,Reading,Reading,24161,England,ENG,55619400
UEFA,Matchroom Stadium,London,Leyton Orient,9271,England,ENG,55619400
UEFA,Meadow Lane,Nottingham,Notts County,20229,England,ENG,55619400
UEFA,Merseyrail Community Stadium,Southport,Southport FC,6008,England,ENG,55619400
UEFA,Mill Farm,Medlar with Wesham,AFC Fylde,6000,England,ENG,55619400
UEFA,Molineux Stadium,Wolverhampton,Wolverhampton,32057,England,ENG,55619400
UEFA,Montgomery Waters Meadow,Shrewsbury,Shrewsbury Town,9875,England,ENG,55619400
UEFA,Moor Lane,Salford,Salford City,3339,England,ENG,55619400
UEFA,Moss Rose,Macclesfield,Macclesfield Town,6355,England,ENG,55619400
UEFA,New York AESSEAL Stadium,Rotherham,Rotherham United FC,12021,England,ENG,55619400
UEFA,Oakwell Stadium,Barnsley,Barnsley FC,23009,England,ENG,55619400
UEFA,Old Trafford,Manchester,Manchester United,74994,England,ENG,55619400
UEFA,One Call Stadium,Mansfield,Mansfield Town,9186,England,ENG,55619400
UEFA,PHB Stadium,Northfleet,Ebbsfleet United,5011,England,ENG,55619400
UEFA,Pirelli Stadium,Burton upon Trent,Burton Albion,6912,England,ENG,55619400
UEFA,Plainmoor,Torquay,Torquay United,6500,England,ENG,55619400
UEFA,Portman Road,Ipswich,Ipswich Town,30311,England,ENG,55619400
UEFA,Prenton Park,Birkenhead,Tranmere,16587,England,ENG,55619400
UEFA,Pride Park Stadium,Derby,Derby,33597,England,ENG,55619400
UEFA,Priestfield Stadium,Gillingham,Gillingham FC,11582,England,ENG,55619400
UEFA,Princes Park,Dartford,Dartford FC,4100,England,ENG,55619400
UEFA,Proact Stadium,Chesterfield,Chesterfield FC,10379,England,ENG,55619400
UEFA,Ricoh Arena,Coventry,Coventry City,32609,England,ENG,55619400
UEFA,Riverside Stadium,Middlesbrough,Middlesbrough,33746,England,ENG,55619400
UEFA,Roots Hall,Southend-on-Sea,Southend United,12392,England,ENG,55619400
UEFA,Sandygate Road,Sheffield,Hallam FC,700,England,ENG,55619400
UEFA,Selhurst Park,London,Crystal Palace,25456,England,ENG,55619400
UEFA,Sincil Bank Stadium,Lincoln,Lincoln City,10127,England,ENG,55619400
UEFA,South Kesteven Sports Stadium,Grantham,Grantham Town,7500,England,ENG,55619400
UEFA,Spotland Stadium,Rochdale,Rochdale AFC,10249,England,ENG,55619400
UEFA,St James Park,Exeter,Exeter City,8541,England,ENG,55619400
UEFA,St. Andrew’s Stadium,Birmingham,Birmingham City,30009,England,ENG,55619400
UEFA,St. James’ Park,Newcastle,Newcastle United,52354,England,ENG,55619400
UEFA,St. Mary’s Stadium,Southampton,Southampton,32384,England,ENG,55619400
UEFA,Stadium mk,Milton Keynes,Dons,30700,England,ENG,55619400
UEFA,Stadium of Light,Sunderland,Sunderland,48707,England,ENG,55619400
UEFA,Stamford Bridge,London,Chelsea,41631,England,ENG,55619400
UEFA,Swansway Chester Stadium,Chester,Chester FC,5376,England,ENG,55619400
UEFA,Tameside Stadium,Ashton-under-Lyne,Curzon Ashton,4000,England,ENG,55619400
UEFA,The Den,London,Millwall,20146,England,ENG,55619400
UEFA,The Dripping Pan,Lewes,Lewes FC,3000,England,ENG,55619400
